{
    "accuracy": 0.7684571428571428,
    "precision": 0.4099722991689751,
    "recall": 0.7861885790172642,
    "f1_score": 0.538916704597178
}
