{
    "accuracy": 0.7714285714285715,
    "precision": 0.41357592722183345,
    "recall": 0.7848605577689243,
    "f1_score": 0.541704857928506
}
