{
    "accuracy": 0.7755428571428571,
    "precision": 0.4159941305942773,
    "recall": 0.7529880478087649,
    "f1_score": 0.5359168241965974
}
