{
    "accuracy": 0.8114285714285714,
    "precision": 0.4708377518557794,
    "recall": 0.7338842975206612,
    "f1_score": 0.5736434108527132
}
